id,dim1,dim2,dim3,cid
959,143,136,128,0
962,153,146,140,0
963,181,174,168,0
964,154,147,140,0
1089,161,154,146,0
1090,137,130,122,0
1092,148,141,133,0
1093,172,165,157,0
1094,135,132,125,0
1217,142,134,124,0
1222,176,161,146,0
1345,158,150,142,0
1350,145,128,112,0
1351,165,153,141,0
1469,133,124,128,0
1473,154,147,141,0
1479,155,143,130,0
1480,166,156,145,0
1597,144,135,138,0
1598,131,125,126,0
1601,134,127,125,0
1602,154,145,143,0
1608,163,151,140,0
1609,164,157,147,0
1730,163,155,155,0
1731,155,143,140,0
1737,146,139,125,0
1738,152,148,135,0
1859,153,142,141,0
1866,161,158,142,0
1987,142,136,135,0
1988,149,136,135,0
1995,171,160,140,0
1996,140,141,125,0
2000,136,133,124,0
2063,122,129,134,0
2116,147,134,133,0
2123,141,130,110,0
2124,158,157,141,0
2128,135,132,123,0
2190,194,201,207,0
2191,173,182,188,0
2244,152,142,140,0
2252,153,148,134,0
2253,163,159,147,0
2257,144,141,132,0
2317,214,222,230,0
2318,216,225,233,0
2319,219,229,233,0
2367,130,126,122,0
2372,158,148,146,0
2381,169,160,149,0
2382,138,130,120,0
2383,134,126,116,0
2444,170,176,179,0
2445,214,223,232,0
2446,215,225,234,0
2447,206,216,226,0
2448,117,128,139,0
2449,126,138,149,0
2500,154,145,143,0
2510,169,158,149,0
2572,201,206,210,0
2573,147,156,165,0
2574,190,200,210,0
2575,203,213,222,0
2576,121,133,144,0
2578,174,181,191,0
2623,138,134,128,0
2624,143,141,136,0
2628,169,161,158,0
2638,143,129,120,0
2639,178,169,159,0
2699,131,132,138,0
2702,159,162,174,0
2703,171,175,185,0
2705,154,158,165,0
2706,175,179,192,0
2710,121,132,130,0
2711,123,133,137,0
2752,153,143,137,0
2753,131,137,135,0
2756,156,158,148,0
2767,153,141,129,0
2768,151,146,134,0
2830,168,168,177,0
2831,130,131,139,0
2833,134,134,142,0
2837,147,158,154,0
2839,133,143,147,0
2884,158,158,148,0
2896,178,171,160,0
2958,137,135,140,0
2964,123,132,138,0
2965,184,192,189,0
2966,163,173,171,0
2967,169,181,184,0
3008,138,129,123,0
3012,165,163,154,0
3025,153,147,132,0
3092,198,204,211,0
3093,226,228,227,0
3094,211,220,218,0
3095,171,185,188,0
3096,126,146,164,0
3097,111,132,158,0
3100,177,182,194,0
3101,205,203,203,0
3102,168,167,185,0
3139,135,136,129,0
3140,157,152,144,0
3153,156,147,132,0
3154,147,141,124,0
3214,139,131,128,0
3219,134,147,162,0
3220,212,215,223,0
3221,221,221,221,0
3222,235,240,240,0
3223,153,169,171,0
3224,114,140,158,0
3226,113,136,165,0
3228,202,206,217,0
3229,242,239,238,0
3230,198,201,220,0
3267,157,158,152,0
3268,143,136,129,0
3282,170,162,143,0
3283,143,135,118,0
3342,153,144,142,0
3347,177,191,206,0
3348,232,236,244,0
3349,239,239,240,0
3350,179,185,185,0
3351,192,209,210,0
3352,168,195,209,0
3353,131,160,182,0
3355,166,181,204,0
3356,225,228,239,0
3357,236,230,229,0
3358,163,166,185,0
3395,165,162,157,0
3402,156,148,141,0
3403,157,152,145,0
3404,166,153,154,0
3405,151,136,137,0
3406,137,123,121,0
3410,140,129,112,0
3411,153,145,128,0
3469,151,146,140,0
3470,145,139,135,0
3475,175,188,201,0
3476,233,236,245,0
3477,201,201,204,0
3478,160,165,166,0
3479,209,225,225,0
3480,216,240,247,0
3481,175,199,214,0
3483,206,219,239,0
3484,236,238,247,0
3485,219,214,212,0
3486,140,141,157,0
3492,130,133,139,0
3520,145,134,128,0
3521,128,128,124,0
3523,159,153,148,0
3528,158,145,138,0
3529,150,140,135,0
3535,161,151,144,0
3539,145,138,123,0
3599,135,130,130,0
3603,152,162,172,0
3604,168,170,176,0
3605,147,147,150,0
3606,164,168,169,0
3607,216,228,229,0
3608,210,228,235,0
3610,139,157,174,0
3611,225,237,253,0
3612,233,235,244,0
3613,205,201,201,0
3619,138,143,135,0
3620,211,215,216,0
3621,135,139,145,0
3648,139,128,122,0
3650,147,143,140,0
3651,147,140,136,0
3655,162,149,140,0
3656,160,148,143,0
3664,153,144,135,0
3668,166,161,149,0
3721,131,139,140,0
3723,128,133,136,0
3733,153,153,151,0
3734,155,158,158,0
3735,167,174,177,0
3738,172,184,197,0
3739,228,237,248,0
3740,228,231,235,0
3741,149,147,148,0
3747,204,208,191,0
3748,188,193,186,0
3749,142,147,148,0
3776,139,127,121,0
3778,168,161,159,0
3783,174,165,156,0
3789,139,134,133,0
3792,148,141,134,0
3793,146,139,130,0
3796,148,141,130,0
3849,122,134,135,0
3851,123,131,138,0
3858,131,132,133,0
3859,137,139,142,0
3860,135,137,134,0
3863,135,137,141,0
3866,147,153,161,0
3867,231,239,243,0
3868,188,192,195,0
3875,216,222,197,0
3876,166,171,157,0
3877,146,154,151,0
3882,160,170,182,0
3883,163,175,187,0
3904,141,129,123,0
3905,152,140,140,0
3906,161,151,150,0
3910,141,135,127,0
3911,147,143,134,0
3917,130,129,125,0
3918,146,144,140,0
3919,147,144,139,0
3920,131,127,122,0
3921,157,152,146,0
3925,153,147,136,0
3926,135,129,119,0
3976,121,138,137,0
3977,154,169,172,0
3978,147,160,166,0
3985,195,198,195,0
3986,149,151,149,0
3987,135,134,133,0
3989,130,132,126,0
3990,137,138,137,0
3993,131,128,135,0
3994,159,162,165,0
3995,169,176,177,0
4002,168,173,143,0
4003,208,213,183,0
4004,144,149,131,0
4005,196,205,198,0
4006,155,167,177,0
4011,185,199,212,0
4033,154,140,140,0
4038,165,160,151,0
4041,146,139,137,0
4044,131,129,126,0
4046,137,136,132,0
4047,128,127,122,0
4050,159,155,146,0
4054,171,162,152,0
4055,142,132,122,0
4104,173,179,178,0
4105,206,211,213,0
4106,184,190,195,0
4112,125,134,132,0
4113,189,198,193,0
4114,179,187,188,0
4115,128,137,148,0
4121,136,137,151,0
4122,131,132,134,0
4124,148,152,149,0
4130,188,191,162,0
4131,159,166,132,0
4133,215,227,212,0
4134,130,141,139,0
4139,144,158,166,0
4140,160,176,183,0
4141,155,171,177,0
4142,127,143,150,0
4161,161,152,139,0
4166,160,157,151,0
4175,149,144,143,0
4178,142,137,131,0
4179,136,131,122,0
4182,166,154,143,0
4183,140,127,117,0
4232,182,183,182,0
4233,206,207,209,0
4240,171,181,178,0
4241,160,171,165,0
4242,178,188,189,0
4244,116,134,148,0
4250,153,152,155,0
4251,146,145,140,0
4253,129,136,138,0
4254,143,145,144,0
4258,131,133,112,0
4264,208,202,217,0
4265,193,187,203,0
4266,173,185,191,0
4267,138,150,156,0
4268,198,210,216,0
4269,215,228,233,0
4272,121,129,132,0
4273,134,142,145,0
4288,150,142,129,0
4293,163,160,153,0
4294,131,128,123,0
4306,133,128,122,0
4307,154,149,142,0
4311,150,136,125,0
4367,132,139,140,0
4368,173,182,178,0
4369,175,186,177,0
4370,161,172,170,0
4371,137,148,159,0
4372,197,213,227,0
4373,198,217,234,0
4374,143,160,181,0
4377,158,160,172,0
4378,167,166,169,0
4392,219,218,226,0
4393,232,231,238,0
4394,181,191,195,0
4395,153,163,167,0
4396,207,217,222,0
4397,175,185,190,0
4400,167,175,178,0
4401,177,185,188,0
4402,139,147,150,0
4416,167,159,146,0
4421,176,173,167,0
4434,141,138,132,0
4435,155,150,143,0
4436,137,129,121,0
4439,168,155,143,0
4495,146,152,152,0
4497,172,182,173,0
4499,170,180,186,0
4500,219,234,246,0
4501,205,222,240,0
4502,124,139,160,0
4504,140,145,157,0
4505,243,244,247,0
4506,174,171,174,0
4510,134,141,131,0
4512,130,128,128,0
4514,141,142,148,0
4515,149,153,161,0
4520,221,223,223,0
4521,215,215,217,0
4522,161,167,171,0
4523,206,212,216,0
4524,223,229,233,0
4528,199,207,210,0
4529,174,181,187,0
4543,153,143,133,0
4544,152,142,130,0
4548,157,154,146,0
4549,143,140,135,0
4556,140,136,132,0
4560,137,136,132,0
4561,135,134,130,0
4562,138,135,130,0
4564,155,148,140,0
4568,144,137,134,0
4622,170,174,177,0
4623,148,154,153,0
4625,143,153,144,0
4627,195,203,206,0
4628,212,224,237,0
4629,191,206,226,0
4632,211,216,222,0
4633,219,220,224,0
4634,144,140,144,0
4641,161,160,169,0
4642,131,133,145,0
4643,123,129,142,0
4644,125,138,145,0
4648,189,195,188,0
4649,137,139,135,0
4650,158,161,164,0
4651,226,229,233,0
4652,203,206,209,0
4655,160,166,169,0
4656,219,227,231,0
4657,177,184,190,0
4671,161,151,141,0
4676,168,164,158,0
4677,136,132,129,0
4678,139,135,132,0
4679,138,135,130,0
4685,131,130,126,0
4690,132,131,126,0
4692,150,145,139,0
4693,142,134,126,0
4696,163,154,147,0
4750,184,188,191,0
4751,169,174,173,0
4752,173,180,174,0
4754,151,158,150,0
4755,180,187,188,0
4756,194,204,216,0
4757,114,127,148,0
4759,145,154,165,0
4760,199,205,206,0
4761,192,193,194,0
4770,132,135,149,0
4771,144,152,165,0
4772,122,137,148,0
4773,116,134,141,0
4775,144,160,152,0
4778,134,133,138,0
4779,190,190,195,0
4783,199,203,207,0
4784,217,224,230,0
4785,120,127,134,0
4799,158,148,138,0
4803,151,145,136,0
4804,149,145,140,0
4813,139,141,135,0
4814,131,132,126,0
4818,138,137,132,0
4821,161,153,145,0
4824,135,126,117,0
4878,200,204,203,0
4879,224,228,227,0
4883,192,196,195,0
4884,176,183,195,0
4887,205,212,218,0
4888,226,227,228,0
4889,158,155,157,0
4890,182,177,180,0
4895,216,222,234,0
4896,191,191,203,0
4898,184,191,201,0
4899,185,195,204,0
4902,138,158,159,0
4904,126,131,134,0
4905,152,153,156,0
4906,129,129,131,0
4911,203,205,206,0
4912,149,153,154,0
4926,152,141,135,0
4931,162,156,149,0
4933,132,128,125,0
4935,133,132,128,0
4939,141,141,133,0
4940,141,144,140,0
4941,136,141,137,0
4946,135,127,125,0
4947,142,136,133,0
4949,155,150,144,0
4950,142,139,131,0
4953,166,157,148,0
5011,147,150,149,0
5014,139,147,159,0
5015,204,209,215,0
5016,200,200,202,0
5018,159,153,154,0
5022,170,179,193,0
5023,150,155,170,0
5024,156,156,170,0
5025,166,167,178,0
5026,222,228,233,0
5027,198,208,210,0
5032,156,162,165,0
5034,128,127,130,0
5035,132,132,134,0
5054,157,147,140,0
5058,143,135,125,0
5059,156,150,142,0
5061,131,127,124,0
5066,129,129,121,0
5067,142,142,134,0
5068,136,139,133,0
5069,137,141,136,0
5070,136,137,132,0
5074,140,132,129,0
5075,152,146,142,0
5078,144,141,134,0
5081,141,132,123,0
5082,169,160,151,0
5143,153,156,162,0
5152,150,149,164,0
5153,196,197,204,0
5154,215,222,222,0
5155,195,205,200,0
5162,127,126,131,0
5163,137,137,139,0
5165,128,128,124,0
5166,136,137,131,0
5167,128,129,123,0
5181,166,157,150,0
5186,173,164,155,0
5187,145,139,131,0
5194,136,136,126,0
5195,139,139,129,0
5196,134,138,131,0
5197,134,139,132,0
5198,133,135,128,0
5202,134,129,123,0
5203,132,127,121,0
5206,152,150,145,0
5210,178,169,160,0
5279,128,129,148,0
5280,163,161,175,0
5281,154,153,160,0
5282,160,164,163,0
5283,159,170,162,0
5288,144,147,156,0
5289,193,191,200,0
5293,131,132,126,0
5295,130,132,120,0
5296,149,151,140,0
5309,168,161,153,0
5314,177,168,159,0
5315,142,136,128,0
5318,142,139,135,0
5322,153,153,143,0
5323,144,144,134,0
5324,148,152,144,0
5325,153,157,150,0
5326,152,154,147,0
5327,130,131,123,0
5332,134,131,124,0
5335,142,141,138,0
5338,146,137,128,0
5408,149,147,159,0
5411,124,132,132,0
5416,198,199,211,0
5417,218,215,226,0
5422,133,135,121,0
5423,135,137,121,0
5436,152,148,139,0
5437,136,130,122,0
5441,148,140,129,0
5442,148,139,130,0
5450,146,146,134,0
5451,154,154,142,0
5452,147,151,142,0
5453,136,141,134,0
5460,135,134,126,0
5463,157,157,157,0
5467,139,130,121,0
5534,176,183,191,0
5543,147,157,163,0
5544,232,232,245,0
5545,189,185,199,0
5563,166,163,154,0
5564,169,165,156,0
5565,199,195,186,0
5569,173,165,154,0
5570,145,136,127,0
5571,142,135,128,0
5572,143,138,134,0
5577,131,131,121,0
5578,135,135,123,0
5579,131,131,119,0
5592,138,129,120,0
5595,145,136,127,0
5666,125,136,136,0
5671,185,188,197,0
5672,209,209,219,0
5690,206,204,191,0
5691,134,134,124,0
5692,169,167,157,0
5696,147,137,134,0
5697,148,144,141,0
5698,138,133,130,0
5718,141,142,137,0
5720,150,143,137,0
5798,146,151,156,0
5799,213,216,223,0
5800,204,204,213,0
5804,150,149,151,0
5805,149,148,144,0
5806,145,146,140,0
5807,196,201,195,0
5818,168,166,153,0
5824,182,172,168,0
5828,135,122,119,0
5848,133,126,120,0
5849,145,138,132,0
5851,143,136,130,0
5920,186,190,189,0
5921,176,182,180,0
5926,191,195,198,0
5927,221,224,229,0
5928,128,129,134,0
5931,145,150,155,0
5932,221,221,219,0
5933,130,130,122,0
5934,199,200,192,0
5935,196,200,193,0
5952,159,149,145,0
6017,162,171,177,0
6018,135,143,148,0
6055,147,151,153,0
6062,206,208,197,0
6063,133,137,129,0
6073,151,149,138,0
6079,168,158,151,0
6081,137,128,127,0
6145,222,231,236,0
6146,174,181,185,0
6200,151,147,138,0
6207,163,153,146,0
6209,144,134,133,0
6231,137,122,119,0
6273,225,234,238,0
6328,176,170,164,0
6334,153,146,136,0
6335,147,139,131,0
6445,170,166,154,0
6456,157,150,142,0
6462,172,169,157,0
6463,135,133,121,0
6584,154,147,139,0
6585,136,127,118,0
6589,143,137,125,0
6590,148,145,134,0
6591,147,145,133,0
6712,155,148,139,0
6717,190,183,173,0
6839,133,129,120,0
6840,153,146,136,0
6844,140,132,122,0
6845,153,146,136,0
6966,131,131,122,0
6967,161,157,147,0
6972,165,157,148,0
7045,126,134,134,0
7095,156,147,138,0
7100,148,138,128,0
7113,105,146,142,0
7114,104,146,144,0
7170,157,167,174,0
7171,203,216,220,0
7172,208,219,221,0
7173,137,142,144,0
7222,138,125,116,0
7227,168,155,146,0
7228,163,152,143,0
7241,103,142,141,0
7242,103,145,143,0
7300,202,209,222,0
7350,154,142,132,0
7355,172,160,152,0
7356,143,133,126,0
7427,118,123,144,0
7428,164,167,186,0
7477,154,144,133,0
7482,161,151,142,0
7483,151,140,135,0
7496,105,144,143,0
7497,104,145,143,0
7498,101,145,143,0
7605,160,153,137,0
7610,174,166,155,0
7611,136,126,124,0
7624,108,148,147,0
7625,105,147,145,0
7626,102,147,144,0
7627,100,146,143,0
7681,126,122,136,0
7732,143,134,125,0
7737,146,138,126,0
7738,136,128,117,0
7752,107,147,146,0
7753,101,144,142,0
7754,101,146,143,0
7755,101,147,144,0
7860,154,144,135,0
7865,159,154,142,0
7866,136,132,120,0
7867,134,134,129,0
7882,100,150,148,0
7988,137,127,118,0
7992,147,138,129,0
7993,161,155,145,0
8008,98,145,145,0
8071,145,145,149,0
8072,153,153,157,0
8115,164,154,145,0
8120,174,167,160,0
8199,147,149,153,0
8200,184,188,191,0
8241,134,126,119,0
8242,159,150,143,0
8243,147,138,129,0
8247,154,144,142,0
8248,154,147,144,0
8325,169,170,180,0
8327,143,146,150,0
8328,128,132,136,0
8329,155,161,164,0
8330,218,226,228,0
8331,202,212,213,0
8370,149,140,133,0
8375,171,161,164,0
8450,150,153,143,0
8452,148,154,155,0
8453,215,217,223,0
8454,176,173,185,0
8455,140,145,149,0
8456,186,191,195,0
8457,202,210,213,0
8458,211,219,222,0
8459,124,135,137,0
8497,145,138,130,0
8498,135,126,119,0
8502,143,131,135,0
8503,168,158,161,0
8504,138,132,134,0
8579,145,156,149,0
8583,213,209,209,0
8584,238,235,238,0
8585,221,220,228,0
8589,124,132,150,0
8625,146,144,130,0
8630,177,166,174,0
8708,139,148,147,0
8710,180,187,196,0
8711,235,235,234,0
8712,171,172,175,0
8716,149,157,175,0
8717,210,221,237,0
8718,185,195,209,0
8752,161,159,144,0
8757,176,166,168,0
8758,141,131,138,0
8833,189,193,205,0
8835,140,146,150,0
8837,140,144,154,0
8838,139,143,159,0
8843,179,191,202,0
8844,156,170,183,0
8845,182,198,210,0
8879,143,140,125,0
8880,147,144,127,0
8884,133,129,117,0
8885,173,164,166,0
8961,168,169,182,0
8963,152,155,160,0
8964,147,149,156,0
8965,132,134,146,0
8970,186,194,202,0
8971,218,230,238,0
8972,201,214,223,0
8973,131,144,154,0
8974,144,157,164,0
8975,177,190,194,0
9006,136,130,117,0
9007,160,154,139,0
9012,165,159,146,0
9089,134,132,144,0
9090,186,185,192,0
9091,208,208,211,0
9094,125,123,138,0
9097,171,173,179,0
9098,223,228,235,0
9099,185,192,200,0
9101,194,202,211,0
9102,210,218,224,0
9103,150,158,161,0
9134,160,153,137,0
9140,153,146,133,0
9217,204,203,210,0
9218,239,238,242,0
9219,165,165,165,0
9223,127,122,129,0
9224,142,138,145,0
9225,198,196,202,0
9226,169,169,177,0
9229,192,196,205,0
9230,132,137,142,0
9259,144,135,130,0
9262,159,152,135,0
9267,163,155,142,0
9345,199,200,197,0
9346,171,172,167,0
9352,131,124,133,0
9353,127,122,129,0
9389,155,147,134,0
9394,157,149,137,0
9395,139,131,120,0
9473,181,183,178,0
9481,161,153,161,0
9489,191,177,177,0
9516,153,144,136,0
9522,159,151,140,0
9608,130,121,131,0
9616,187,175,174,0
9617,159,143,143,0
9644,156,147,139,0
9649,165,156,148,0
9732,195,203,201,0
9733,123,129,135,0
9737,126,125,131,0
9771,172,163,160,0
9776,164,155,147,0
9777,158,149,143,0
9860,183,192,197,0
9873,171,168,161,0
9874,162,162,158,0
9898,160,150,149,0
9903,138,129,122,0
9904,167,158,153,0
9985,170,176,180,0
9986,165,171,174,0
9994,126,135,137,0
9995,121,130,131,0
10001,150,149,147,0
10025,143,136,127,0
10026,138,130,121,0
10031,157,149,141,0
10113,150,153,149,0
10117,145,146,150,0
10120,150,155,158,0
10121,186,191,194,0
10122,174,178,181,0
10123,154,157,160,0
10124,133,134,139,0
10134,126,126,128,0
10135,132,131,136,0
10152,136,132,121,0
10153,155,149,136,0
10158,158,152,140,0
10247,158,166,169,0
10248,204,210,214,0
10249,207,212,216,0
10250,188,193,197,0
10252,159,162,167,0
10254,141,142,147,0
10262,140,141,144,0
10280,166,160,148,0
10285,140,134,122,0
10286,163,156,146,0
10374,164,165,170,0
10375,209,217,222,0
10376,208,216,220,0
10377,208,214,220,0
10378,177,182,187,0
10379,134,138,144,0
10380,124,128,133,0
10381,141,145,147,0
10383,127,128,129,0
10392,153,153,157,0
10407,149,143,129,0
10413,165,158,148,0
10501,149,150,154,0
10502,237,238,243,0
10503,217,226,231,0
10504,211,220,225,0
10505,188,195,201,0
10506,134,141,147,0
10507,180,185,191,0
10508,199,204,209,0
10510,133,137,136,0
10512,130,132,129,0
10518,126,129,134,0
10520,130,131,133,0
10534,166,161,144,0
10535,138,132,114,0
10540,171,164,151,0
10629,228,229,232,0
10630,239,240,245,0
10631,228,237,241,0
10632,181,190,195,0
10633,141,148,154,0
10634,199,206,212,0
10635,229,234,238,0
10636,132,137,142,0
10641,128,131,125,0
10645,146,148,158,0
10646,209,212,217,0
10647,166,170,173,0
10660,137,134,118,0
10661,165,160,143,0
10662,147,142,123,0
10667,163,158,138,0
10668,148,142,130,0
10678,122,137,125,0
10756,182,185,187,0
10757,238,240,244,0
10758,234,236,241,0
10759,183,196,197,0
10760,147,159,161,0
10761,187,198,201,0
10762,202,212,215,0
10763,159,169,172,0
10770,141,143,143,0
10773,212,212,221,0
10774,189,190,197,0
10788,161,154,138,0
10789,136,129,111,0
10794,156,153,133,0
10795,160,157,140,0
10805,132,143,131,0
10884,190,194,195,0
10885,181,185,189,0
10887,137,151,152,0
10888,199,210,211,0
10889,213,224,225,0
10890,173,183,185,0
10897,138,141,134,0
10900,145,146,151,0
10901,150,151,156,0
10915,142,136,124,0
10916,145,138,122,0
10921,148,142,124,0
10922,161,158,143,0
10932,139,135,125,0
10933,125,136,122,0
11015,176,187,186,0
11016,205,215,215,0
11017,150,159,159,0
11025,133,134,129,0
11042,153,147,134,0
11043,164,158,144,0
11049,164,158,145,0
11059,148,143,137,0
11060,143,138,131,0
11061,128,138,124,0
11169,138,132,118,0
11170,152,146,132,0
11176,171,163,155,0
11186,160,155,151,0
11187,155,150,146,0
11188,143,138,134,0
11189,136,146,131,0
11190,124,137,124,0
11191,120,140,131,0
11280,209,209,208,0
11296,137,131,118,0
11297,157,151,137,0
11303,173,163,160,0
11313,156,151,145,0
11314,169,164,160,0
11315,152,147,144,0
11316,146,141,139,0
11317,136,143,129,0
11318,123,136,122,0
11319,119,137,128,0
11335,102,151,147,0
11424,160,154,140,0
11430,173,164,159,0
11431,138,128,128,0
11440,160,156,146,0
11441,163,158,150,0
11442,165,160,156,0
11443,146,141,138,0
11444,151,145,146,0
11445,138,145,131,0
11446,126,138,123,0
11447,122,140,129,0
11463,98,147,143,0
11464,100,151,146,0
11532,135,135,134,0
11549,141,119,114,0
11550,144,134,122,0
11551,168,159,147,0
11557,174,166,163,0
11558,157,148,146,0
11567,160,151,142,0
11568,169,160,151,0
11569,176,167,158,0
11570,178,169,160,0
11571,165,156,147,0
11572,160,151,142,0
11573,144,149,142,0
11574,139,149,145,0
11575,123,138,134,0
11592,97,146,150,0
11661,168,168,168,0
11676,140,122,114,0
11677,167,145,139,0
11678,158,148,136,0
11684,159,153,148,0
11685,137,129,126,0
11694,160,151,142,0
11695,173,164,155,0
11696,171,162,153,0
11697,175,166,157,0
11698,177,168,159,0
11699,167,158,149,0
11700,161,152,143,0
11701,140,145,138,0
11702,134,145,138,0
11703,121,137,130,0
11802,154,144,130,0
11811,168,164,155,0
11812,142,136,131,0
11821,155,148,140,0
11822,171,164,155,0
11823,173,166,158,0
11824,172,164,156,0
11825,176,168,160,0
11826,176,169,160,0
11827,168,161,153,0
11828,161,154,146,0
11829,141,146,139,0
11830,133,144,136,0
11831,122,137,131,0
11845,98,148,149,0
11849,100,148,152,0
11938,161,156,147,0
11939,155,151,142,0
11941,135,127,124,0
11948,157,153,144,0
11949,170,166,157,0
11950,166,162,153,0
11951,168,164,155,0
11952,173,169,160,0
11953,175,171,162,0
11954,173,169,160,0
11955,168,164,155,0
11956,161,157,148,0
11957,149,154,146,0
11958,140,148,140,0
11959,126,140,132,0
12056,149,137,120,0
12065,162,155,147,0
12066,133,128,120,0
12075,158,154,147,0
12076,175,172,164,0
12077,177,174,166,0
12078,176,173,165,0
12079,172,169,161,0
12080,175,172,164,0
12081,175,171,163,0
12082,171,167,159,0
12083,169,166,158,0
12084,163,159,152,0
12085,158,161,154,0
12086,145,152,144,0
12087,131,144,137,0
12100,108,153,153,0
12183,170,162,143,0
12184,142,128,111,0
12192,187,178,170,0
12195,145,140,134,0
12202,150,147,140,0
12203,179,176,169,0
12204,169,166,159,0
12205,171,168,161,0
12206,179,176,169,0
12207,173,170,163,0
12208,177,174,167,0
12209,175,172,165,0
12210,170,167,160,0
12211,170,167,160,0
12212,163,160,153,0
12213,161,163,155,0
12214,146,153,145,0
12215,134,146,137,0
12216,117,137,128,0
12311,171,160,142,0
12319,154,152,147,0
12320,137,132,128,0
12329,156,153,147,0
12330,157,157,147,0
12331,167,167,157,0
12332,173,173,163,0
12333,174,174,164,0
12334,177,177,167,0
12335,171,171,161,0
12336,171,171,161,0
12337,169,169,159,0
12338,167,167,157,0
12339,166,166,156,0
12340,164,164,154,0
12341,153,159,151,0
12342,147,155,147,0
12343,138,149,141,0
12344,127,140,131,0
12357,114,153,152,0
12438,142,132,115,0
12439,151,139,123,0
12445,136,121,120,0
12446,165,164,159,0
12450,137,127,125,0
12456,171,168,163,0
12457,165,163,157,0
12458,160,160,151,0
12459,167,167,159,0
12460,171,171,162,0
12461,170,170,162,0
12462,173,173,164,0
12463,170,170,161,0
12464,171,171,163,0
12465,170,170,161,0
12466,168,168,159,0
12467,166,166,157,0
12468,165,165,156,0
12469,155,160,152,0
12470,147,155,147,0
12471,138,149,141,0
12472,127,140,131,0
12564,136,128,115,0
12565,145,137,122,0
12566,142,133,118,0
12572,140,129,128,0
12573,173,164,164,0
12574,152,153,147,0
12583,168,165,160,0
12584,172,170,165,0
12585,169,168,162,0
12586,163,163,155,0
12587,167,167,160,0
12588,169,169,161,0
12589,167,166,159,0
12590,169,169,161,0
12591,168,168,161,0
12592,171,171,164,0
12593,170,170,162,0
12594,168,168,161,0
12595,166,166,158,0
12596,165,165,158,0
12597,156,160,153,0
12598,149,155,148,0
12599,139,148,140,0
12600,127,139,131,0
12618,97,145,147,0
12692,152,146,133,0
12699,144,137,136,0
12700,160,154,155,0
12710,164,160,156,0
12711,165,164,159,0
12712,166,166,160,0
12713,164,164,158,0
12714,166,165,160,0
12715,169,168,163,0
12716,168,167,162,0
12717,165,164,160,0
12718,168,167,163,0
12719,168,167,163,0
12720,172,171,167,0
12721,170,169,165,0
12722,168,167,163,0
12723,167,166,161,0
12724,165,164,160,0
12725,158,162,155,0
12726,150,155,148,0
12727,139,147,140,0
12728,128,139,131,0
12818,144,140,128,0
12819,161,157,145,0
12826,165,156,154,0
12827,160,155,156,0
12829,126,125,131,0
12830,127,130,123,0
12836,151,146,142,0
12837,181,177,173,0
12838,171,168,163,0
12839,167,167,161,0
12840,174,175,169,0
12841,169,169,164,0
12842,167,166,162,0
12843,170,169,165,0
12844,169,168,164,0
12845,166,165,161,0
12846,171,170,166,0
12847,170,169,165,0
12848,172,171,167,0
12849,171,170,166,0
12850,169,168,164,0
12851,167,166,162,0
12852,166,165,161,0
12853,161,163,156,0
12854,151,155,148,0
12855,140,146,139,0
12856,129,139,131,0
12945,153,145,135,0
12946,146,141,129,0
12953,171,163,160,0
12954,148,142,142,0
12963,162,157,152,0
12964,177,174,168,0
12965,162,160,154,0
12966,157,157,151,0
12967,164,164,158,0
12968,182,182,177,0
12969,171,171,166,0
12970,169,168,163,0
12971,171,170,165,0
12972,170,169,164,0
12973,168,167,163,0
12974,171,170,166,0
12975,170,169,165,0
12976,173,172,167,0
12977,170,169,165,0
12978,169,168,164,0
12979,167,166,162,0
12980,165,164,160,0
12981,161,163,156,0
12982,151,154,148,0
12983,140,145,140,0
12984,130,138,132,0
13071,138,127,120,0
13072,154,139,132,0
13079,139,138,133,0
13080,153,152,148,0
13081,136,135,133,0
13090,162,162,153,0
13091,177,177,167,0
13092,174,174,164,0
13093,168,168,159,0
13094,152,152,145,0
13095,165,164,160,0
13096,179,178,174,0
13097,169,168,164,0
13098,170,169,164,0
13099,172,171,166,0
13100,173,172,167,0
13101,171,170,165,0
13102,169,168,163,0
13103,169,168,163,0
13104,175,174,169,0
13105,170,169,164,0
13106,172,171,166,0
13107,166,165,160,0
13108,163,162,157,0
13109,164,164,159,0
13110,150,152,147,0
13111,143,145,142,0
13112,136,138,135,0
13196,144,143,138,0
13197,146,139,133,0
13198,169,160,153,0
13199,152,141,135,0
13206,162,162,154,0
13207,148,147,142,0
13216,148,147,142,0
13217,168,168,160,0
13218,173,173,163,0
13219,174,174,164,0
13220,172,172,162,0
13221,167,167,158,0
13222,155,155,147,0
13223,165,164,160,0
13224,178,177,173,0
13225,171,170,166,0
13226,173,172,167,0
13227,174,173,168,0
13228,174,173,168,0
13229,173,172,167,0
13230,172,171,166,0
13231,170,169,164,0
13232,176,175,170,0
13233,170,169,164,0
13234,171,170,165,0
13235,166,165,160,0
13236,162,161,156,0
13237,169,169,163,0
13238,155,156,151,0
13239,147,149,145,0
13240,140,142,140,0
13241,127,131,130,0
13242,126,130,129,0
13256,102,140,144,0
13324,141,134,131,0
13325,148,139,135,0
13333,155,154,148,0
13338,138,137,135,0
13342,137,136,132,0
13343,149,148,144,0
13344,165,164,159,0
13345,174,174,166,0
13346,178,178,169,0
13347,180,180,170,0
13348,172,172,162,0
13349,169,169,160,0
13350,161,160,153,0
13351,167,166,161,0
13352,176,175,171,0
13353,173,172,168,0
13354,174,173,168,0
13355,176,175,170,0
13356,176,175,170,0
13357,175,174,169,0
13358,173,172,167,0
13359,171,170,165,0
13360,177,176,171,0
13361,171,170,165,0
13362,171,170,165,0
13363,166,165,160,0
13364,162,161,156,0
13365,170,171,165,0
13366,155,157,152,0
13367,146,148,145,0
13368,140,142,140,0
13369,129,133,132,0
13370,128,132,131,0
13450,137,127,125,0
13451,159,149,147,0
13452,138,128,126,0
13459,158,157,155,0
13460,168,167,165,0
13461,132,131,127,0
13462,135,134,129,0
13465,138,137,133,0
13466,128,127,123,0
13469,161,160,155,0
13470,171,170,166,0
13471,162,161,157,0
13472,162,161,156,0
13473,176,176,168,0
13474,185,185,176,0
13475,185,185,175,0
13476,176,176,166,0
13477,174,174,165,0
13478,168,168,160,0
13479,169,168,163,0
13480,175,174,170,0
13481,173,172,168,0
13482,174,173,168,0
13483,175,174,169,0
13484,176,175,170,0
13485,175,174,169,0
13486,173,172,167,0
13487,171,170,165,0
13488,176,175,170,0
13489,170,169,164,0
13490,171,170,165,0
13491,166,165,160,0
13492,162,161,156,0
13493,170,171,165,0
13494,156,157,152,0
13495,147,149,146,0
13496,140,142,140,0
13497,127,131,130,0
13498,125,129,128,0
13499,124,137,137,0
13576,142,130,129,0
13577,154,143,141,0
13578,158,146,144,0
13585,139,136,128,0
13586,164,162,158,0
13587,142,140,142,0
13588,130,128,129,0
13592,130,129,124,0
13593,145,144,140,0
13594,136,135,131,0
13595,151,150,144,0
13596,160,160,152,0
13597,167,167,158,0
13598,170,169,165,0
13599,163,162,158,0
13600,165,164,160,0
13601,180,180,172,0
13602,187,187,178,0
13603,184,184,174,0
13604,181,181,171,0
13605,179,179,171,0
13606,174,174,167,0
13607,171,170,165,0
13608,173,172,168,0
13609,173,172,168,0
13610,174,173,168,0
13611,175,174,169,0
13612,175,174,169,0
13613,174,173,168,0
13614,172,171,166,0
13615,170,169,164,0
13616,176,175,170,0
13617,170,169,164,0
13618,172,171,166,0
13619,166,165,160,0
13620,163,162,157,0
13621,173,174,168,0
13622,160,161,156,0
13623,152,154,150,0
13624,144,146,143,0
13625,127,131,130,0
13627,119,131,131,0
13703,154,140,138,0
13704,156,142,139,0
13712,149,145,139,0
13713,163,160,154,0
13714,128,126,123,0
13716,137,135,136,0
13717,143,142,140,0
13718,138,137,134,0
13719,140,140,134,0
13720,149,148,143,0
13721,158,158,151,0
13722,156,155,149,0
13723,159,159,150,0
13724,158,158,149,0
13725,162,162,152,0
13726,170,170,162,0
13727,170,169,163,0
13728,166,166,160,0
13729,173,172,166,0
13730,184,183,177,0
13731,186,185,179,0
13732,182,181,175,0
13733,179,178,172,0
13734,177,177,170,0
13735,176,176,169,0
13736,174,173,166,0
13737,171,170,163,0
13738,174,173,168,0
13739,177,176,171,0
13740,175,174,169,0
13741,175,174,169,0
13742,171,170,165,0
13743,171,170,165,0
13744,174,173,168,0
13745,171,170,165,0
13746,170,169,164,0
13747,166,165,160,0
13748,164,163,158,0
13749,171,172,165,0
13750,162,163,158,0
13751,153,155,150,0
13752,146,148,144,0
13753,134,137,133,0
13754,126,129,126,0
13755,121,132,130,0
13756,122,138,134,0
13830,167,165,153,0
13831,150,139,133,0
13839,174,171,166,0
13840,159,156,151,0
13844,146,144,145,0
13845,154,153,151,0
13846,148,147,143,0
13847,160,159,155,0
13848,165,164,160,0
13849,164,163,158,0
13850,162,162,154,0
13851,161,161,153,0
13852,163,163,153,0
13853,165,165,155,0
13854,171,171,161,0
13855,173,173,164,0
13856,167,167,159,0
13857,170,169,164,0
13858,183,182,178,0
13859,188,187,183,0
13860,182,181,177,0
13861,178,177,173,0
13862,177,177,171,0
13863,180,180,172,0
13864,176,176,166,0
13865,170,170,161,0
13866,174,173,168,0
13867,178,177,172,0
13868,176,175,170,0
13869,176,175,170,0
13870,173,172,167,0
13871,172,171,166,0
13872,174,173,168,0
13873,171,170,165,0
13874,169,168,163,0
13875,166,165,160,0
13876,164,163,158,0
13877,169,169,162,0
13878,163,162,157,0
13879,154,154,149,0
13880,148,149,144,0
13881,138,140,135,0
13882,130,132,127,0
13884,123,137,133,0
13956,153,149,140,0
13957,145,142,130,0
13965,148,147,142,0
13966,161,160,155,0
13967,140,139,134,0
13968,141,140,135,0
13969,137,136,131,0
13970,147,145,142,0
13971,134,132,132,0
13972,155,154,152,0
13973,166,165,162,0
13974,173,172,168,0
13975,178,177,173,0
13976,172,171,166,0
13977,168,167,162,0
13978,166,165,159,0
13979,164,164,156,0
13980,166,166,156,0
13981,168,168,158,0
13982,173,173,163,0
13983,175,175,166,0
13984,171,171,163,0
13985,172,171,166,0
13986,182,181,177,0
13987,190,189,185,0
13988,184,183,179,0
13989,179,178,174,0
13990,179,178,173,0
13991,181,181,173,0
13992,177,177,167,0
13993,172,171,163,0
13994,173,172,167,0
13995,176,175,170,0
13996,175,174,169,0
13997,177,176,171,0
13998,174,173,168,0
13999,173,172,167,0
14000,173,172,167,0
14001,171,170,165,0
14002,169,168,163,0
14003,166,165,160,0
14004,165,164,159,0
14005,168,168,160,0
14006,163,162,157,0
14007,156,156,151,0
14008,149,150,145,0
14009,139,141,136,0
14010,132,134,129,0
14011,121,132,128,0
14012,122,136,131,0
14083,152,145,137,0
14091,146,140,134,0
14092,163,158,153,0
14093,149,148,143,0
14096,129,128,123,0
14097,147,146,141,0
14098,166,165,161,0
14099,159,158,156,0
14100,177,176,173,0
14101,180,179,175,0
14102,181,180,176,0
14103,181,180,175,0
14104,174,173,169,0
14105,169,168,164,0
14106,166,165,160,0
14107,164,163,157,0
14108,165,165,157,0
14109,166,166,158,0
14110,173,173,163,0
14111,175,175,166,0
14112,175,175,167,0
14113,174,173,168,0
14114,180,179,175,0
14115,192,191,187,0
14116,188,187,183,0
14117,181,180,176,0
14118,179,179,173,0
14119,183,183,175,0
14120,180,180,170,0
14121,174,174,165,0
14122,172,171,166,0
14123,176,175,170,0
14124,175,174,169,0
14125,178,177,172,0
14126,175,174,169,0
14127,172,171,166,0
14128,173,172,167,0
14129,171,170,165,0
14130,169,168,163,0
14131,167,166,161,0
14132,165,164,159,0
14133,166,166,159,0
14134,164,163,158,0
14135,159,159,154,0
14136,151,152,147,0
14137,141,143,138,0
14138,136,138,133,0
14139,125,135,131,0
14140,122,134,130,0
14209,164,155,150,0
14210,134,125,119,0
14218,165,166,156,0
14219,158,159,150,0
14220,144,144,136,0
14222,136,137,131,0
14223,142,143,137,0
14224,145,146,140,0
14225,170,171,165,0
14226,172,173,168,0
14227,175,174,171,0
14228,190,189,185,0
14229,186,185,180,0
14230,183,182,177,0
14231,178,177,171,0
14232,175,174,170,0
14233,171,170,166,0
14234,167,166,162,0
14235,165,164,159,0
14236,165,164,158,0
14237,166,166,158,0
14238,172,172,162,0
14239,174,174,165,0
14240,177,177,169,0
14241,173,172,167,0
14242,176,175,171,0
14243,191,190,186,0
14244,191,190,186,0
14245,183,182,178,0
14246,180,180,174,0
14247,184,184,176,0
14248,183,183,173,0
14249,177,176,168,0
14250,173,172,167,0
14251,177,176,171,0
14252,175,174,169,0
14253,177,176,171,0
14254,174,173,168,0
14255,172,171,166,0
14256,172,171,166,0
14257,171,170,165,0
14258,169,168,163,0
14259,167,166,161,0
14260,166,165,160,0
14261,165,165,157,0
14262,166,165,160,0
14263,162,162,156,0
14264,152,153,148,0
14265,142,144,139,0
14266,139,141,136,0
14267,129,137,135,0
14268,123,134,130,0
14269,121,135,132,0
14344,150,152,139,0
14345,161,163,150,0
14346,143,145,134,0
14347,141,143,132,0
14348,146,147,139,0
14349,146,147,141,0
14350,147,148,142,0
14351,164,165,159,0
14352,178,179,173,0
14353,177,178,172,0
14354,187,188,182,0
14355,184,183,179,0
14356,187,186,182,0
14357,183,182,177,0
14358,188,188,181,0
14359,182,182,174,0
14360,179,178,175,0
14361,175,174,171,0
14362,171,170,166,0
14363,168,167,162,0
14364,168,167,162,0
14365,169,168,162,0
14366,170,170,160,0
14367,172,172,163,0
14368,177,177,169,0
14369,172,171,166,0
14370,173,172,168,0
14371,190,189,185,0
14372,192,191,187,0
14373,184,183,179,0
14374,181,180,175,0
14375,184,184,176,0
14376,184,184,174,0
14377,179,178,170,0
14378,175,174,169,0
14379,178,177,172,0
14380,176,175,170,0
14381,176,175,170,0
14382,172,171,166,0
14383,170,169,164,0
14384,172,171,166,0
14385,171,170,165,0
14386,169,168,163,0
14387,168,167,162,0
14388,167,166,161,0
14389,164,164,156,0
14390,166,165,160,0
14391,163,163,158,0
14392,153,154,149,0
14393,143,145,140,0
14394,141,143,138,0
14395,132,139,136,0
14396,125,135,131,0
14397,124,139,136,0
14470,138,135,120,0
14471,173,174,167,0
14472,129,130,123,0
14474,136,137,131,0
14475,146,147,141,0
14476,137,138,132,0
14477,163,164,158,0
14478,174,175,169,0
14479,183,184,178,0
14480,185,186,180,0
14481,183,184,178,0
14482,187,187,182,0
14483,187,186,182,0
14484,187,186,182,0
14485,187,186,182,0
14486,187,186,182,0
14487,187,186,182,0
14488,183,182,178,0
14489,180,179,176,0
14490,179,178,173,0
14491,174,174,166,0
14492,169,169,161,0
14493,166,165,156,0
14494,172,171,166,0
14495,174,173,168,0
14496,174,173,168,0
14497,171,170,165,0
14498,173,172,167,0
14499,181,180,175,0
14500,189,188,183,0
14501,189,188,183,0
14502,184,183,178,0
14503,187,186,181,0
14504,190,189,183,0
14505,183,182,176,0
14506,180,179,174,0
14507,179,178,173,0
14508,177,176,171,0
14509,174,173,168,0
14510,171,170,165,0
14511,172,171,166,0
14512,170,169,164,0
14513,171,170,165,0
14514,172,171,166,0
14515,162,161,156,0
14516,161,160,155,0
14517,163,163,153,0
14518,167,167,158,0
14519,168,168,160,0
14520,162,161,156,0
14521,151,150,146,0
14522,143,142,138,0
14523,136,136,132,0
14524,135,137,133,0
14525,132,139,133,0
14526,125,137,129,0
14533,121,146,143,0
14534,112,139,138,0
14597,158,154,142,0
14598,173,169,157,0
14599,137,138,132,0
14600,136,137,131,0
14601,140,141,135,0
14602,148,149,143,0
14603,152,153,147,0
14604,153,154,148,0
14605,174,175,169,0
14606,183,184,178,0
14607,187,188,182,0
14608,187,188,182,0
14609,187,188,182,0
14610,188,188,183,0
14611,187,186,182,0
14612,187,186,182,0
14613,187,186,182,0
14614,187,186,182,0
14615,187,186,182,0
14616,184,183,179,0
14617,182,181,177,0
14618,181,180,175,0
14619,176,176,168,0
14620,171,171,163,0
14621,167,167,157,0
14622,171,170,165,0
14623,174,173,168,0
14624,175,174,169,0
14625,173,172,167,0
14626,174,173,168,0
14627,177,176,171,0
14628,186,185,180,0
14629,190,189,184,0
14630,184,183,178,0
14631,187,186,181,0
14632,190,189,184,0
14633,183,182,177,0
14634,179,178,173,0
14635,178,177,172,0
14636,177,176,171,0
14637,175,174,169,0
14638,172,171,166,0
14639,169,168,163,0
14640,164,163,158,0
14641,168,167,162,0
14642,172,171,166,0
14643,165,164,159,0
14644,165,164,159,0
14645,163,163,154,0
14646,166,166,156,0
14647,168,168,160,0
14648,163,162,157,0
14649,153,152,148,0
14650,144,143,139,0
14651,142,141,137,0
14652,139,140,135,0
14653,132,139,132,0
14654,123,134,126,0
14723,157,154,146,0
14724,167,165,156,0
14725,152,149,141,0
14726,145,142,134,0
14727,134,135,129,0
14728,138,139,133,0
14729,145,146,140,0
14730,158,159,153,0
14731,174,175,169,0
14732,184,185,179,0
14733,186,187,181,0
14734,187,188,182,0
14735,188,189,183,0
14736,187,188,182,0
14737,188,189,183,0
14738,187,187,182,0
14739,187,186,182,0
14740,187,186,182,0
14741,187,186,182,0
14742,187,186,182,0
14743,187,186,182,0
14744,185,184,180,0
14745,184,183,179,0
14746,183,182,177,0
14747,179,179,171,0
14748,175,175,166,0
14749,171,171,161,0
14750,171,170,165,0
14751,174,173,168,0
14752,175,174,169,0
14753,174,173,168,0
14754,174,173,168,0
14755,174,173,168,0
14756,184,183,178,0
14757,190,189,184,0
14758,185,184,179,0
14759,187,186,181,0
14760,190,189,184,0
14761,183,182,177,0
14762,178,177,172,0
14763,177,176,171,0
14764,177,176,171,0
14765,175,174,169,0
14766,174,173,168,0
14767,169,168,163,0
14768,161,160,155,0
14769,164,163,158,0
14770,171,170,165,0
14771,167,166,161,0
14772,167,166,161,0
14773,164,164,154,0
14774,165,165,155,0
14775,166,166,158,0
14776,164,163,158,0
14777,156,155,151,0
14778,147,146,142,0
14779,147,146,142,0
14780,140,142,137,0
14781,131,138,131,0
14782,123,134,125,0
14849,134,131,128,0
14850,172,169,166,0
14851,153,149,146,0
14852,138,135,132,0
14853,138,134,131,0
14854,153,149,146,0
14855,133,134,128,0
14856,146,147,141,0
14857,167,168,162,0
14858,187,188,182,0
14859,191,192,186,0
14860,187,188,182,0
14861,190,191,185,0
14862,187,188,182,0
14863,186,187,181,0
14864,186,187,181,0
14865,185,186,180,0
14866,186,186,181,0
14867,187,186,182,0
14868,187,186,182,0
14869,187,186,182,0
14870,187,186,182,0
14871,187,186,182,0
14872,186,185,181,0
14873,186,185,181,0
14874,186,185,180,0
14875,182,182,175,0
14876,178,178,170,0
14877,176,176,166,0
14878,173,172,167,0
14879,173,172,167,0
14880,175,174,169,0
14881,176,175,170,0
14882,174,173,168,0
14883,171,170,165,0
14884,180,179,174,0
14885,190,189,184,0
14886,187,186,181,0
14887,187,186,181,0
14888,190,189,184,0
14889,185,184,179,0
14890,179,178,173,0
14891,178,177,172,0
14892,176,175,170,0
14893,174,173,168,0
14894,173,172,167,0
14895,171,170,165,0
14896,162,161,156,0
14897,164,163,158,0
14898,170,169,164,0
14899,165,164,159,0
14900,163,162,157,0
14901,165,165,155,0
14902,164,164,154,0
14903,164,164,156,0
14904,166,165,160,0
14905,160,159,155,0
14906,151,150,146,0
14907,145,145,140,0
14908,138,140,135,0
14909,129,136,129,0
14910,125,136,127,0
14911,124,139,130,0
14912,122,139,131,0
14977,153,152,151,0
14980,127,125,126,0
14981,143,142,142,0
14982,153,152,152,0
14983,152,153,147,0
14984,172,173,167,0
14985,187,188,182,0
14986,188,189,183,0
14987,190,191,185,0
14988,195,196,190,0
14989,189,190,184,0
14990,186,187,181,0
14991,187,188,182,0
14992,189,190,184,0
14993,186,187,181,0
14994,186,186,181,0
14995,187,186,182,0
14996,187,186,182,0
14997,187,186,182,0
14998,187,186,182,0
14999,187,186,182,0
15000,188,187,183,0
15001,189,188,184,0
15002,188,187,183,0
15003,186,186,178,0
15004,182,182,174,0
15005,180,180,170,0
15006,176,175,170,0
15007,174,173,168,0
15008,173,172,167,0
15009,175,174,169,0
15010,174,173,168,0
15011,171,170,165,0
15012,177,176,171,0
15013,190,189,184,0
15014,188,187,182,0
15015,187,186,181,0
15016,190,189,184,0
15017,186,185,180,0
15018,182,181,176,0
15019,179,178,173,0
15020,176,175,170,0
15021,172,171,166,0
15022,171,170,165,0
15023,171,170,165,0
15024,164,163,158,0
15025,162,161,156,0
15026,168,167,162,0
15027,163,162,157,0
15028,159,158,153,0
15029,165,165,156,0
15030,162,162,153,0
15031,163,163,155,0
15032,167,166,161,0
15033,163,162,158,0
15034,154,153,149,0
15035,145,145,141,0
15036,140,142,137,0
15037,132,139,132,0
15038,127,138,130,0
15039,126,141,131,0
15040,125,142,133,0
15107,139,137,140,0
15108,148,146,149,0
15109,163,161,164,0
15110,171,169,172,0
15111,175,176,170,0
15112,185,186,180,0
15113,191,192,186,0
15114,190,191,185,0
15115,190,191,185,0
15116,190,191,185,0
15117,190,191,185,0
15118,187,188,182,0
15119,190,191,185,0
15120,193,194,188,0
15121,190,191,185,0
15122,187,187,182,0
15123,187,186,182,0
15124,187,186,182,0
15125,187,186,182,0
15126,187,186,182,0
15127,187,186,182,0
15128,188,187,183,0
15129,190,189,185,0
15130,190,189,184,0
15131,188,188,180,0
15132,184,184,176,0
15133,182,182,172,0
15134,179,178,173,0
15135,173,172,167,0
15136,171,170,165,0
15137,173,172,167,0
15138,174,173,168,0
15139,172,171,166,0
15140,176,175,170,0
15141,190,189,184,0
15142,189,188,183,0
15143,186,185,180,0
15144,190,189,184,0
15145,187,186,181,0
15146,185,184,179,0
15147,181,180,175,0
15148,175,174,169,0
15149,171,170,165,0
15150,168,167,162,0
15151,170,169,164,0
15152,162,161,156,0
15153,160,159,154,0
15154,168,167,162,0
15155,164,163,158,0
15156,160,159,154,0
15157,166,166,157,0
15158,161,161,152,0
15159,162,162,154,0
15160,168,167,162,0
15161,165,164,160,0
15162,156,155,151,0
15163,149,148,144,0
15164,143,145,140,0
15165,135,142,135,0
15166,129,140,131,0
15167,124,139,130,0
15168,122,139,131,0
15233,149,149,152,0
15234,143,142,147,0
15235,153,152,156,0
15236,175,175,179,0
15237,185,184,188,0
15238,189,188,193,0
15239,191,192,186,0
15240,191,192,186,0
15241,192,193,187,0
15242,192,193,187,0
15243,193,194,188,0
15244,193,194,188,0
15245,194,195,189,0
15246,193,194,188,0
15247,192,193,187,0
15248,192,193,187,0
15249,192,193,187,0
15250,192,192,187,0
15251,188,187,183,0
15252,185,184,180,0
15253,183,182,178,0
15254,186,185,181,0
15255,189,188,184,0
15256,190,189,185,0
15257,190,189,185,0
15258,190,189,185,0
15259,188,188,180,0
15260,184,184,176,0
15261,181,181,171,0
15262,177,176,171,0
15263,175,174,169,0
15264,173,172,167,0
15265,173,172,167,0
15266,176,175,170,0
15267,178,177,172,0
15268,173,172,167,0
15269,181,180,175,0
15270,186,185,180,0
15271,186,185,180,0
15272,188,187,182,0
15273,189,188,183,0
15274,184,183,178,0
15275,181,180,175,0
15276,176,175,170,0
15277,171,170,165,0
15278,168,167,162,0
15279,167,166,161,0
15280,165,164,159,0
15281,162,161,156,0
15282,164,163,158,0
15283,166,165,160,0
15284,164,163,158,0
15285,164,164,154,0
15286,165,165,156,0
15287,167,167,159,0
15288,166,165,160,0
15289,162,161,157,0
15290,159,158,154,0
15291,153,152,148,0
15292,145,146,141,0
15293,133,140,133,0
15294,127,138,130,0
15295,128,143,134,0
15296,130,146,138,0
15297,123,135,137,0
15361,140,140,141,0
15362,148,148,149,0
15363,169,169,170,0
15364,189,189,190,0
15365,192,192,193,0
15366,193,193,194,0
15367,192,193,187,0
15368,192,193,187,0
15369,192,193,187,0
15370,192,193,187,0
15371,193,194,188,0
15372,193,194,188,0
15373,195,196,190,0
15374,195,196,190,0
15375,194,195,189,0
15376,193,194,188,0
15377,193,194,188,0
15378,195,195,190,0
15379,196,195,191,0
15380,190,189,185,0
15381,186,185,181,0
15382,185,184,180,0
15383,186,185,181,0
15384,188,187,183,0
15385,189,188,184,0
15386,190,189,185,0
15387,189,189,181,0
15388,185,185,177,0
15389,182,182,172,0
15390,179,178,173,0
15391,177,176,171,0
15392,174,173,168,0
15393,174,173,168,0
15394,176,175,170,0
15395,177,176,171,0
15396,171,170,165,0
15397,180,179,174,0
15398,186,185,180,0
15399,187,186,181,0
15400,188,187,182,0
15401,188,187,182,0
15402,184,183,178,0
15403,181,180,175,0
15404,177,176,171,0
15405,172,171,166,0
15406,169,168,163,0
15407,169,168,163,0
15408,166,165,160,0
15409,163,162,157,0
15410,164,163,158,0
15411,166,165,160,0
15412,164,163,158,0
15413,163,163,153,0
15414,164,164,154,0
15415,165,165,157,0
15416,165,164,159,0
15417,163,162,158,0
15418,161,160,156,0
15419,150,149,145,0
15420,142,144,139,0
15421,135,142,135,0
15422,133,144,136,0
15423,126,141,132,0
15424,119,135,126,0
15425,119,131,132,0
15489,147,148,145,0
15490,168,168,166,0
15491,189,189,187,0
15492,195,195,193,0
15493,191,191,189,0
15494,191,191,189,0
15495,192,193,187,0
15496,192,193,187,0
15497,192,193,187,0
15498,192,193,187,0
15499,193,194,188,0
15500,193,194,188,0
15501,190,191,185,0
15502,191,192,186,0
15503,193,194,188,0
15504,194,195,189,0
15505,194,195,189,0
15506,196,197,191,0
15507,199,198,194,0
15508,194,193,189,0
15509,190,189,185,0
15510,187,186,182,0
15511,186,185,181,0
15512,187,186,182,0
15513,188,187,183,0
15514,189,188,184,0
15515,189,189,181,0
15516,186,186,178,0
15517,184,184,174,0
15518,182,181,176,0
15519,179,178,173,0
15520,176,175,170,0
15521,174,173,168,0
15522,176,175,170,0
15523,177,176,171,0
15524,169,168,163,0
15525,177,176,171,0
15526,184,183,178,0
15527,188,187,182,0
15528,188,187,182,0
15529,187,186,181,0
15530,185,184,179,0
15531,183,182,177,0
15532,179,178,173,0
15533,175,174,169,0
15534,172,171,166,0
15535,172,171,166,0
15536,169,168,163,0
15537,165,164,159,0
15538,166,165,160,0
15539,167,166,161,0
15540,165,164,159,0
15541,161,161,152,0
15542,162,162,153,0
15543,163,163,155,0
15544,163,162,157,0
15545,164,163,159,0
15546,163,162,158,0
15547,148,148,144,0
15548,155,156,151,0
15549,145,152,145,0
15550,126,137,129,0
15551,123,139,129,0
15552,130,146,137,0
15617,165,166,159,0
15618,185,186,179,0
15619,193,194,187,0
15620,191,192,186,0
15621,192,193,186,0
15622,194,195,189,0
15623,193,194,188,0
15624,193,194,188,0
15625,193,194,188,0
15626,193,194,188,0
15627,192,193,187,0
15628,191,192,186,0
15629,182,183,177,0
15630,187,188,182,0
15631,191,192,186,0
15632,194,195,189,0
15633,195,196,190,0
15634,195,195,190,0
15635,197,196,192,0
15636,194,193,189,0
15637,192,191,187,0
15638,191,190,186,0
15639,191,190,186,0
15640,187,186,182,0
15641,187,186,182,0
15642,188,187,183,0
15643,189,189,181,0
15644,188,188,180,0
15645,187,187,177,0
15646,186,185,180,0
15647,182,181,176,0
15648,177,176,171,0
15649,175,174,169,0
15650,175,174,169,0
15651,175,174,169,0
15652,171,170,165,0
15653,175,174,169,0
15654,181,180,175,0
15655,186,185,180,0
15656,188,187,182,0
15657,187,186,181,0
15658,186,185,180,0
15659,183,182,177,0
15660,180,179,174,0
15661,177,176,171,0
15662,175,174,169,0
15663,175,174,169,0
15664,172,171,166,0
15665,167,166,161,0
15666,167,166,161,0
15667,167,166,161,0
15668,165,164,159,0
15669,163,163,153,0
15670,162,162,153,0
15671,162,162,154,0
15672,162,161,156,0
15673,162,161,157,0
15674,163,162,158,0
15675,157,156,152,0
15676,146,148,143,0
15677,137,144,137,0
15678,128,140,131,0
15745,175,176,167,0
15746,189,191,181,0
15747,192,193,183,0
15748,192,194,183,0
15749,197,199,188,0
15750,196,197,187,0
15751,194,195,189,0
15752,194,195,189,0
15753,193,194,188,0
15754,193,194,188,0
15755,192,193,187,0
15756,191,192,186,0
15757,186,187,181,0
15758,191,192,186,0
15759,195,196,190,0
15760,196,197,191,0
15761,194,195,189,0
15762,194,194,189,0
15763,195,194,190,0
15764,194,193,189,0
15765,193,192,188,0
15766,192,191,187,0
15767,191,190,186,0
15768,186,185,181,0
15769,186,185,181,0
15770,188,187,182,0
15771,189,189,181,0
15772,190,190,181,0
15773,190,190,180,0
15774,188,187,182,0
15775,184,183,178,0
15776,179,178,173,0
15777,175,174,169,0
15778,175,174,169,0
15779,175,174,169,0
15780,174,173,168,0
15781,173,172,167,0
15782,177,176,171,0
15783,184,183,178,0
15784,188,187,182,0
15785,187,186,181,0
15786,186,185,180,0
15787,185,184,179,0
15788,182,181,176,0
15789,179,178,173,0
15790,177,176,171,0
15791,177,176,171,0
15792,174,173,168,0
15793,169,168,163,0
15794,168,167,162,0
15795,168,167,162,0
15796,165,164,159,0
15797,165,165,156,0
15798,164,164,154,0
15799,161,161,153,0
15800,160,159,154,0
15801,160,159,155,0
15802,160,159,155,0
15803,149,149,144,0
15804,150,151,146,0
15805,133,140,133,0
15809,127,137,130,0
15810,123,136,129,0
15873,181,181,170,0
15874,193,194,182,0
15875,194,195,183,0
15876,196,197,186,0
15877,197,198,187,0
15878,188,190,178,0
15879,194,195,189,0
15880,194,195,189,0
15881,194,194,189,0
15882,194,194,189,0
15883,193,193,188,0
15884,193,193,188,0
15885,193,194,188,0
15886,196,197,191,0
15887,199,200,194,0
15888,197,198,192,0
15889,194,195,189,0
15890,193,193,188,0
15891,194,193,190,0
15892,194,194,190,0
15893,192,192,188,0
15894,191,190,186,0
15895,189,188,184,0
15896,186,185,181,0
15897,186,185,181,0
15898,188,187,183,0
15899,189,189,182,0
15900,190,190,182,0
15901,191,191,182,0
15902,189,188,183,0
15903,186,185,180,0
15904,180,180,175,0
15905,176,176,171,0
15906,175,174,169,0
15907,175,174,169,0
15908,177,176,171,0
15909,172,171,166,0
15910,173,172,167,0
15911,182,181,175,0
15912,188,186,181,0
15913,188,186,181,0
15914,186,185,181,0
15915,185,184,179,0
15916,183,182,177,0
15917,181,180,174,0
15918,179,178,172,0
15919,178,177,172,0
15920,174,174,168,0
15921,169,169,163,0
15922,168,167,162,0
15923,168,167,161,0
15924,165,164,158,0
15925,166,166,157,0
15926,165,165,156,0
15927,161,161,153,0
15928,158,157,152,0
15929,158,157,153,0
15930,159,158,154,0
15931,161,162,157,0
15932,133,135,130,0
15935,125,139,130,0
15936,129,144,135,0
15959,105,152,149,0
16001,189,185,179,0
16002,193,190,185,0
16003,196,194,189,0
16004,197,196,192,0
16005,196,195,191,0
16006,192,193,188,0
16007,195,194,190,0
16008,195,194,190,0
16009,195,194,190,0
16010,195,194,190,0
16011,195,194,190,0
16012,195,194,190,0
16013,195,194,190,0
16014,195,194,190,0
16015,195,194,190,0
16016,195,194,190,0
16017,195,194,190,0
16018,195,195,191,0
16019,193,193,191,0
16020,190,190,188,0
16021,191,191,189,0
16022,192,192,190,0
16023,189,189,187,0
16024,187,187,185,0
16025,187,187,185,0
16026,188,188,186,0
16027,188,188,186,0
16028,188,188,186,0
16029,187,187,185,0
16030,189,190,185,0
16031,187,188,183,0
16032,183,184,179,0
16033,180,181,176,0
16034,178,179,174,0
16035,177,178,173,0
16036,177,176,172,0
16037,175,174,170,0
16038,178,175,169,0
16039,181,178,171,0
16040,187,183,174,0
16041,188,185,178,0
16042,187,186,182,0
16043,186,185,181,0
16044,185,185,178,0
16045,183,183,175,0
16046,180,180,170,0
16047,179,179,170,0
16048,177,177,169,0
16049,172,172,162,0
16050,169,169,159,0
16051,169,169,157,0
16052,168,168,156,0
16053,160,162,151,0
16054,162,164,154,0
16055,164,165,157,0
16056,162,163,157,0
16057,153,154,149,0
16058,145,146,141,0
16059,129,134,127,0
16060,131,136,130,0
16061,133,140,133,0
16062,133,140,134,0
16063,130,138,133,0
16064,128,137,131,0
16065,125,137,127,0
16066,121,134,125,0
16129,188,184,177,0
16130,195,192,187,0
16131,192,190,185,0
16132,196,195,191,0
16133,204,204,200,0
16134,196,197,192,0
16135,195,194,190,0
16136,195,194,190,0
16137,195,194,190,0
16138,195,194,190,0
16139,195,194,190,0
16140,195,194,190,0
16141,195,194,190,0
16142,195,194,190,0
16143,195,194,190,0
16144,195,194,190,0
16145,195,194,190,0
16146,193,192,189,0
16147,192,192,190,0
16148,194,194,192,0
16149,191,191,189,0
16150,187,187,185,0
16151,187,187,185,0
16152,188,188,186,0
16153,187,187,185,0
16154,185,185,183,0
16155,185,185,183,0
16156,186,186,184,0
16157,188,188,186,0
16158,189,190,185,0
16159,188,189,184,0
16160,185,186,181,0
16161,182,183,178,0
16162,179,180,175,0
16163,178,179,174,0
16164,177,176,172,0
16165,176,175,171,0
16166,179,176,171,0
16167,182,179,172,0
16168,187,183,174,0
16169,188,185,178,0
16170,188,187,183,0
16171,189,188,184,0
16172,188,188,181,0
16173,186,186,178,0
16174,183,183,173,0
16175,179,179,170,0
16176,180,180,172,0
16177,179,179,169,0
16178,172,172,162,0
16179,166,166,154,0
16180,169,169,157,0
16181,166,167,156,0
16182,169,171,160,0
16183,165,166,158,0
16184,150,151,145,0
16185,136,137,132,0
16186,131,132,127,0
16187,141,144,137,0
16188,140,145,138,0
16189,140,145,139,0
16190,136,143,137,0
16191,133,140,136,0
16192,129,136,132,0
16208,111,160,157,0
16209,121,170,167,0
16257,163,160,153,0
16258,186,183,178,0
16259,192,191,186,0
16260,195,194,190,0
16261,200,200,196,0
16262,194,195,190,0
16263,195,194,190,0
16264,195,194,190,0
16265,195,194,190,0
16266,195,194,190,0
16267,195,194,190,0
16268,195,194,190,0
16269,195,194,190,0
16270,195,194,190,0
16271,195,194,190,0
16272,195,194,190,0
16273,195,194,190,0
16274,195,195,191,0
16275,191,191,189,0
16276,184,184,182,0
16277,185,185,183,0
16278,190,190,188,0
16279,192,192,190,0
16280,189,189,187,0
16281,186,186,184,0
16282,183,183,181,0
16283,182,182,180,0
16284,185,185,183,0
16285,188,188,186,0
16286,189,190,185,0
16287,189,190,185,0
16288,187,188,183,0
16289,184,185,180,0
16290,181,182,177,0
16291,179,180,175,0
16292,177,176,172,0
16293,177,176,172,0
16294,182,179,173,0
16295,184,181,174,0
16296,188,184,175,0
16297,188,185,178,0
16298,188,187,183,0
16299,189,188,184,0
16300,189,189,182,0
16301,188,188,180,0
16302,185,185,175,0
16303,179,179,170,0
16304,179,179,171,0
16305,182,182,172,0
16306,174,174,164,0
16307,168,168,156,0
16308,171,171,159,0
16309,174,176,165,0
16310,160,161,151,0
16311,140,141,133,0
16312,133,134,128,0
16313,141,142,137,0
16314,151,152,147,0
16315,147,150,143,0
16316,146,148,143,0
16317,142,146,140,0
16318,136,141,136,0
16319,131,137,133,0
16320,127,134,129,0
16340,98,147,143,0
